"","freitas_si","chakra_thesis_si","chakra_new_si","chakra_april_si","augspurger_si","outcross_opp_si","mating_opp_si"
"1",0,0,0,0,0,0,100
"2",0,0,0,0,0,0,50
"3",0.25,0.09,0.264705882352941,0.264705882352941,0.333333333333333,9,43
"4",0.394239423861395,0.12,0.5,0.5,0.6,12,36
"5",0.569035593728849,0.12,0.666666666666667,0.666666666666667,0.666666666666667,12,30
"6",0.546918160678027,0.12,0.75,0.75,0.714285714285714,12,28
"7",0.8,0.08,0.8,0.8,0.8,8,18
